{
    "Services": {
        "AmazonS3": {
            "Endpoints": [
                { "Region": "us-east-1", "Hostname": "s3.amazonaws.com", "Default": true },
                { "Region": "us-east-1", "Hostname": "s3-external-1.amazonaws.com" },
                { "Region": "us-east-1", "Hostname": "s3-external-2.amazonaws.com" }
            ]
        },
        "AmazonSQS": {
            "Endpoints": [
                { "Region": "us-east-1", "Hostname": "queue.amazonaws.com" },
                { "Region": "us-west-2", "Hostname": "us-west-2.queue.amazonaws.com" },
                { "Region": "us-west-1", "Hostname": "us-west-1.queue.amazonaws.com" },
                { "Region": "eu-west-1", "Hostname": "eu-west-1.queue.amazonaws.com" },
                { "Region": "eu-west-2", "Hostname": "eu-west-2.queue.amazonaws.com" },
                { "Region": "eu-west-3", "Hostname": "eu-west-3.queue.amazonaws.com" },
                { "Region": "eu-central-1", "Hostname": "eu-central-1.queue.amazonaws.com" },
                { "Region": "ca-central-1", "Hostname": "ca-central-1.queue.amazonaws.com" },
                { "Region": "ap-southeast-1", "Hostname": "ap-southeast-1.queue.amazonaws.com" },
                { "Region": "ap-southeast-2", "Hostname": "ap-southeast-2.queue.amazonaws.com" },
                { "Region": "ap-northeast-1", "Hostname": "ap-northeast-1.queue.amazonaws.com" },
                { "Region": "sa-east-1", "Hostname": "sa-east-1.queue.amazonaws.com" },
                { "Region": "us-gov-west-1", "Hostname": "us-gov-west-1.queue.amazonaws.com" },
                { "Region": "cn-north-1", "Hostname": "cn-north-1.queue.amazonaws.com.cn" }
            ]
        }
    }
}
